ID,Name,Age,CountryCode,Salary
1,dvWHEuKDuxajI,54,83,9412784.17
2,fRCjjQZlHLpbRme,25,484,2834741.22
3,UNElGNiMTJZGhg,70,144,6070079.66
4,zTdbCeZoPUE,25,31,299137.57
5,KutHXWpVzjllkCmcwycW,100,488,5121402.83
6,PYynIqucjfhtbS,34,331,8167211.7
7,podPKGGbUNveEUGGkzJ,20,430,3436321.62
8,hJUkrmtZrGkBwwl,72,375,4642880.69
9,SwtTVUFKqVWQUMD,89,452,9428431.58
10,kamszqxSFrVQ,96,304,6977380.17
11,FgLVyeIOYH,34,15,9655969.29
12,ATUMdkgfmxOgLiYsVjxc,78,66,841534.28
13,mtHjDpXhwFRPqpPiF,20,198,3350907.35
14,sGUfzZaeFVAnjfiaig,62,372,2106125.17
15,eBkQYzfjBgvUHeg,35,299,8173590.59
16,LvninnwKdfGNNgBbUeX,70,168,9762937.46
17,hiYIxgbZLcxSBbDmJP,86,451,9560124.03
18,gCPNixEtmoa,49,331,4257239.16
19,kZJOiOfgbUVOcxuOgE,47,37,5166111.54
20,XCeBVvHvJq,98,97,731657.54
21,DaYoHghIVr,32,481,4333475.78
22,rlFBFGQBezddrubCa,37,105,7656475.67
23,lCkASWbzUAShllN,45,346,6393827.62
24,NQSjHJUuiK,89,389,6926233.93
25,lHZcJsxPRE,36,113,3597510.75
26,DqwvgLfWlrQu,97,442,385186.47
27,onTjbTgFQpufUqpqkwT,39,84,1123966.22
28,GLidHTEnhUcVDYjN,31,253,854044.46
29,FleJIRuQozSbyFVny,83,241,7585539.08
30,JhTLWwWQoQYb,74,145,1232445.45
31,DEElXHSUeQUyYAxeRz,61,441,9806758.25
32,NHNOttNkNqgBujNmS,82,183,5964031.23
33,bahusylFHSLiGRKUbSx,22,383,1344173.29
34,yPwQGsDNqCGACzQAAls,23,368,9722117.84
35,KReWwouIzvBpk,47,169,3469580.49
36,XEuPOWsPuS,20,52,5798526.07
37,CvWndAlCUW,74,254,5212104.82
38,DUBidjxLIEmSDIKaH,34,252,8730713.28
39,RIIUPipjPEwXEVfKH,43,61,691047.73
40,BPkncdSFgPyzJ,65,431,3880882.9
41,gwAyFxFANxmw,33,325,2647998.91
42,MuVpLCCZIWuKuvd,54,135,3194938.9
43,KJuJkuFNzhTiJPgmFTo,70,486,1643083.19
44,DbREImfjQtEGPYMxDjc,19,465,7348432.15
45,QXntmLwURV,76,435,7701759.64
46,QJMIYdDeEeJOUnHS,84,166,5373077.56
47,lcjcVIeUQZQbmDqpSv,64,265,6584546.52
48,SIMkwQsMdnPcPBhCsL,19,29,7934939.48
49,YllqOWBfQFZP,38,219,5506987.27
50,EVgMUktwAUxEgVOhnKK,63,233,8212551.57
51,NGQgYDxVqjATymM,31,92,2243649.13
52,tYtOpYRwAfSQhcWLORFo,42,369,2296829.54
53,UELZbtRkggaVmZjiS,19,98,8706600.69
54,VkgZFDcRWR,68,195,9354555.19
55,vXqSyByQUh,32,375,1703008.6
56,FmOJmQjSWn,93,164,5979137.89
57,fheGnMMKDseG,66,499,9599095.79
58,KXmBVkiqQsFcAEq,34,43,2630275.42
59,NUDzdMzPyoKEEWEsz,87,488,4465597.83
60,oAwKQiuuDAHIR,31,232,2628026.72
61,umCRqKftLJoqvLoe,65,14,227140.48
62,uABJvqpnuZFyQkaUBwLF,38,134,5889083.87
63,ouTkXprdUboFpLGLzmNI,70,236,515105.4
64,rzXmfrLabdOwdx,71,91,8605244.3
65,BvaIKpsffJxe,55,441,6615870.51
66,LEYnxDQneqwW,33,260,211297.26
67,fWFQEkfoid,50,218,9225127.45
68,hTEUQftnAtdZLhPhj,41,344,4494442.57
69,ZtjIpEQUdyrRPzVmcdNX,25,184,8172216.95
70,FJDNHSYyQbuEa,69,353,356305.09
71,opkCIaHydgCpexOVGGVZ,63,469,1263570.94
72,BDoIeWRXCaS,94,76,6029596.15
73,ZJCYgfVkzK,98,133,7723793.04
74,mDtWPvlPKJEAWl,42,367,830240.27
75,aTlLAIbIwLH,68,406,9563563.98
76,yCnLMsQGEcOUuh,41,452,7359004.43
77,nVkudLNqPSPKI,65,291,7688444.23
78,bNOQOdtldc,63,395,5432728.86
79,JLFsNzBrol,46,419,1581973.7
80,WVDOPQsBLLs,33,256,338030.91
81,lWNNdkbaWM,29,136,501969.58
82,rAGvbWwxPdlIhsr,48,257,1298136.98
83,YHVrgslVPrp,82,410,3299580.74
84,JJdNyZWjOqQDQ,90,118,9833263.63
85,akqfuykoWegFV,36,249,3728041.94
86,tUEqIlWtyNMJ,62,387,4047632.19
87,BmJUhfobhYcpNgS,21,373,8297923.32
88,xFISuszihxEDrHVGzGH,44,399,3878093.87
89,OdzFlSiHWPvoQD,57,69,9418917.62
90,MiVJwxJhfgPMuEKpT,91,161,7658912.66
91,MLwbpYZNlX,29,224,9469736.51
92,xbisKjBJfmiTZ,45,388,9929389.31
93,kbRioTDgwXS,100,482,7289123.25
94,lLrnTfMyFgmcmGeTRXd,86,18,8479616.34
95,ormSESrSdb,90,63,8057921.45
96,qYxrTTrNWo,27,436,1145936.98
97,tOJEhbQPJXPjLsw,65,249,6308291.57
98,RRrHgQYgooFCasU,61,84,6836280.91
99,GplRHTVzfYslVw,77,304,7608669.03
100,ZnuJtsIYqbW,88,39,3616038.36
101,TMsDYURAVQJtXVY,80,413,3749763.65
102,GchuZFwbJYjotUVbyc,32,448,9768937.13
103,vGIxETunoRf,45,228,43996.21
104,FcyQcTTjVXdb,36,196,6743999.72
105,IwFXWLkGObNDG,79,38,4015369.15
106,ksVqeqXcEGMMgcxz,33,170,5153891.43
107,BalgHTZSmTUeejPwPyH,41,105,8675149.72
108,mWMJZEPoUAwXDOQ,96,475,8737246.37
109,RERZqUfWkNNq,50,267,6113954.3
110,lxrLwFscPQU,97,79,4172832.28
111,GnzbJYGkPEUvCojTvdM,86,15,1124377.0
112,ZKvPEJzWlpaqdqDKnEuc,44,370,2906055.32
113,rfLlfOGhexEDzr,65,461,5170577.85
114,hBtHxjzQXUpTZAwcDi,73,414,6240297.32
115,JsnAExibLUcucf,77,344,4789305.77
116,iTyRPggsxkj,82,20,5061817.17
117,aDaezuTgLfGCle,46,83,7912933.4
118,dIpzeTqoapmlsEVgG,52,409,8540892.81
119,PLxmyeainBglG,69,343,3283095.54
120,guFNlUXYpkxpQ,21,493,9459053.21
121,FCOfoRgeBPp,43,112,4643793.01
122,zNtzfWLIttD,46,326,8653580.4
123,avTypYtIJEfVdXoNmQ,40,157,9223153.06
124,YjRdPaTuxz,28,327,8696626.62
125,CKyVYMhzwhkr,20,1,1885340.94
126,SCjrCFZUbQYuLpGVrhsw,28,257,1694094.35
127,vwSUCVfJXoxS,53,238,7993482.02
128,KWUyvlGzoa,74,40,7336226.82
129,CKfKeVkPbCD,51,57,9098686.64
130,wZXuBGPxOWRMLqkuiv,34,13,6983221.85
131,KZEoAIiUpfdWbejCBU,68,387,6550703.92
132,RkUCtYCKbho,68,177,4308825.23
133,zQWsgWCPLRNHDQkvKEH,46,290,4274984.66
134,IUOgZlRVaVLqbKmIr,80,115,5839088.37
135,eCzmNpZdwPZZwR,47,17,7491953.56
136,evvwxDLMXtMGTtzTZRwH,92,78,7278150.29
137,kIPkHaYzqshmLvMV,82,341,4904306.82
138,iuSYGwVpBMzbN,93,262,542432.06
139,ItyxJeoGJvslaR,62,407,4946467.5
140,dXianVfFDPFhUMjnYslG,56,31,9230855.76
141,zyEFfrVkMwyGEYSIp,63,361,864560.76
142,XDeGdeqsfURglZgduGa,98,361,1311452.31
143,nyfIYosvvXHMVWOuQHNG,45,473,4763967.83
144,zPxXDTNszyUWpgEvU,100,287,1458484.6
145,vfQhAWqKeQTCfgXg,27,172,6220295.09
146,TtYxhpCgpFJV,36,147,1448947.35
147,YhxKAgZGRka,67,451,5322765.69
148,fiueDThuFyHBhEP,99,16,5504583.31
149,OBwcMZAXHWNYoY,26,226,3341938.97
150,joqBAENIZDcCMWrsbx,55,322,1968257.64
151,XxdrhcSSuOszmd,80,251,7395255.54
152,ZahcwFcLsmA,30,236,4037160.32
153,UyjxqhYZzAobirEXVO,29,430,3487283.67
154,ZvtuUAPGqf,22,473,7129712.46
155,WRRDLHbPnF,91,473,1117681.3
156,kbzoCGNswsDcif,77,152,2430966.7
157,ugELgWPZIMMgqhaqiJ,54,57,3076548.04
158,uGANYSpVTnDuXouajmK,54,407,257245.39
159,MVITKpMBfZPnoKmL,49,26,9036129.13
160,hTfWBnLxoUwmiqVTU,21,217,65886.87
161,ceUmfgkRByRpUDnFVI,44,228,5481199.77
162,xqkiHKWCek,18,219,752858.93
163,GupBLCpxGlYrCYbz,83,143,4368899.08
164,sxyiNGhtgPyWXwMKQY,32,46,2181058.59
165,FmnNeMKHUBX,27,216,126619.14
166,WwxpbWrKJJyJwZbEs,47,444,339238.36
167,sYOiwDjNBYjitjMusKdE,68,172,7935339.31
168,JzPmLxfKPqsLIvHsmI,81,216,7753966.64
169,qlKhCAipYiz,79,338,828727.08
170,MFnAqsLPsXVIDjOcKqT,67,178,5986698.31
171,dkXAVBSQaJeOkpFymO,67,4,6889329.6
172,joZnPeWyQbaeBkWgdCr,21,269,2760824.23
173,ixoIcCfYGoEtmwsLUL,51,31,1876363.83
174,LFYGIWzyhj,24,475,596575.39
175,XHrgMmruug,89,261,4267471.33
176,HOaznytvOuZUg,35,119,8714562.58
177,lnGdnRGPOan,64,373,5338945.54
178,fKtYgVNXAdqy,26,206,6916575.24
179,gjsMBAryLBcYmLdf,18,245,1219838.37
180,ovuArAQAlFk,62,269,9625922.76
181,AWqnhMaNkbumJvlYc,73,431,3119638.95
182,QMqhWQigyeebeICcJlI,86,101,3128348.4
183,tskRIubigIim,70,179,7603448.3
184,ggYsADgvDGMc,100,310,6535502.53
185,eJCEdFKBnxgYyf,57,28,4025013.95
186,KQrjAFOTDxGxG,55,213,197892.6
187,tLqHcvhXDXIRXEL,73,318,4881495.72
188,oHoAKOMdyE,24,417,8285126.09
189,kwLncdhdXtbMuEeOQjp,56,159,122273.15
190,txWoyCEfRstnHcEdB,69,423,6304705.12
191,CvFpGXmnRtRSEaw,67,164,1496799.59
192,bpqQUTjnYMEr,81,227,1027074.85
193,KudHWomyQPueNxJZuqIB,93,102,6981710.12
194,SdThGXtNHPkVeXZFhO,65,167,2768122.81
195,csEZmKGSHZcjWckGkrPt,31,446,3311132.27
196,ZwpmYlvQOEZsSLyrS,85,79,4229153.42
197,QxuXVksKnKQz,86,262,6840271.23
198,veMtSpeTee,50,331,371016.79
199,ReeHANQvRkJwWFONXPB,26,109,4809199.59
200,NiEQaFrqEGy,37,170,3804131.19
